{"actual_dim":1536,"alpha":0.0024713462,"offset":-0.15823068,"multiplier":0.000006107552,"vector_parameters":{"dim":1536,"distance_type":"Dot","invert":false,"count":18915}}